-- ─────────────────────────────────────────────────────────────────────────────
-- Migration 0070b: License Capabilities Seed  (AUTO-GENERIERT)
-- ─────────────────────────────────────────────────────────────────────────────
-- NICHT VON HAND EDITIEREN. Quelle: backend/licensing/capabilities.manifest.js
-- Neu erzeugen mit:  npm run license:gen  (--prefix backend)
-- Voraussetzung: Migration 0070 (Tabellen + Plan 'full') ist eingespielt.
-- ─────────────────────────────────────────────────────────────────────────────

-- 1. Module
INSERT INTO "LICENSE_MODULE" ("KEY","LABEL_DE","POSITION") VALUES
  ('core', 'Kern', 10),
  ('projects', 'Projekte', 20),
  ('invoices', 'Rechnungen', 30),
  ('einvoice', 'E-Rechnung', 40),
  ('dunning', 'Mahnwesen', 50),
  ('offers', 'Angebote', 60),
  ('reports', 'Reporting', 70),
  ('employees', 'Mitarbeiter', 80),
  ('settings', 'Einstellungen', 90),
  ('enterprise', 'Enterprise', 100),
  ('limits', 'Mengen-Limits', 110)
ON CONFLICT ("KEY") DO UPDATE SET "LABEL_DE" = EXCLUDED."LABEL_DE", "POSITION" = EXCLUDED."POSITION";

-- 2. Capabilities
INSERT INTO "LICENSE_CAPABILITY" ("KEY","MODULE_KEY","LABEL_DE","TYPE","UNIT","POSITION") VALUES
  ('core.dashboard', 'core', 'Übersicht / Dashboard', 'boolean', NULL, 10),
  ('core.addresses', 'core', 'Adressbuch & Kontakte', 'boolean', NULL, 20),
  ('core.time_tracking', 'core', 'Stundenerfassung', 'boolean', NULL, 30),
  ('projects.management', 'projects', 'Projektverwaltung & Struktur', 'boolean', NULL, 40),
  ('projects.budgets', 'projects', 'Interne Budgets', 'boolean', NULL, 50),
  ('projects.cost_revenue_insight', 'projects', 'Kosten- & Erlös-Einblick', 'boolean', NULL, 60),
  ('projects.hourly_rates', 'projects', 'Projekt-Stundensätze', 'boolean', NULL, 70),
  ('projects.contracts', 'projects', 'Verträge', 'boolean', NULL, 80),
  ('hoai.calculator', 'projects', 'HOAI-Honorarberechnung', 'boolean', NULL, 90),
  ('invoices.basic', 'invoices', 'Rechnungen & Zahlungen (Basis)', 'boolean', NULL, 100),
  ('invoices.partial', 'invoices', 'Abschlagsrechnungen', 'boolean', NULL, 110),
  ('invoices.final', 'invoices', 'Teil-/Schlussrechnungen', 'boolean', NULL, 120),
  ('invoices.credit', 'invoices', 'Gutschriften', 'boolean', NULL, 130),
  ('invoices.cancel', 'invoices', 'Stornierung', 'boolean', NULL, 140),
  ('invoices.security_retention', 'invoices', 'Sicherheitseinbehalte', 'boolean', NULL, 150),
  ('einvoice.xrechnung', 'einvoice', 'XRechnung (CII/UBL)', 'boolean', NULL, 160),
  ('einvoice.zugferd', 'einvoice', 'ZUGFeRD-Hybrid', 'boolean', NULL, 170),
  ('einvoice.peppol', 'einvoice', 'Peppol BIS 3.0', 'boolean', NULL, 180),
  ('einvoice.attachments', 'einvoice', 'Anlagen in E-Rechnung einbetten', 'boolean', NULL, 190),
  ('dunning.basic', 'dunning', 'Mahnungen', 'boolean', NULL, 200),
  ('dunning.email', 'dunning', 'Mahnungen per E-Mail', 'boolean', NULL, 210),
  ('offers.basic', 'offers', 'Angebote', 'boolean', NULL, 220),
  ('reports.standard', 'reports', 'Standard-Reports', 'boolean', NULL, 230),
  ('reports.advanced', 'reports', 'Erweiterte Auswertungen & Export', 'boolean', NULL, 240),
  ('employees.management', 'employees', 'Mitarbeiterverwaltung', 'boolean', NULL, 250),
  ('employees.salary', 'employees', 'Gehaltsdaten', 'boolean', NULL, 260),
  ('employees.month_close', 'employees', 'Monatsabschluss', 'boolean', NULL, 270),
  ('settings.core', 'settings', 'Stammdaten, Unternehmen, Nummernkreise', 'boolean', NULL, 280),
  ('settings.roles', 'settings', 'Rollen & Berechtigungen (RBAC)', 'boolean', NULL, 290),
  ('settings.text_templates', 'settings', 'Textvorlagen', 'boolean', NULL, 300),
  ('settings.notifications', 'settings', 'Konfigurierbare Benachrichtigungen', 'boolean', NULL, 310),
  ('settings.dunning_config', 'settings', 'Mahnungs-Einstellungen', 'boolean', NULL, 320),
  ('cost_rate.calculator', 'settings', 'Kostensatz-Rechner', 'boolean', NULL, 330),
  ('arbzg.compliance', 'settings', 'ArbZG-Validierung & Audit', 'boolean', NULL, 340),
  ('enterprise.branding', 'enterprise', 'Eigenes Branding (Login-URL & Hintergrundbild)', 'boolean', NULL, 350),
  ('enterprise.multi_company', 'enterprise', 'Mehrere Unternehmen pro Tenant', 'boolean', NULL, 360),
  ('enterprise.custom_pdf_templates', 'enterprise', 'Eigene PDF-Vorlagen', 'boolean', NULL, 370),
  ('enterprise.api_access', 'enterprise', 'API-Zugang (Token)', 'boolean', NULL, 380),
  ('enterprise.sso_saml', 'enterprise', 'SSO (SAML/OIDC)', 'boolean', NULL, 390),
  ('enterprise.priority_support', 'enterprise', 'Priority Support (SLA)', 'boolean', NULL, 400),
  ('limits.employees', 'limits', 'Maximale Mitarbeiterzahl', 'metered', 'Mitarbeiter', 410),
  ('limits.projects_active', 'limits', 'Maximale aktive Projekte', 'metered', 'aktive Projekte', 420),
  ('limits.storage_mb', 'limits', 'Speicherplatz', 'metered', 'MB', 430)
ON CONFLICT ("KEY") DO UPDATE SET
  "MODULE_KEY" = EXCLUDED."MODULE_KEY",
  "LABEL_DE"   = EXCLUDED."LABEL_DE",
  "TYPE"       = EXCLUDED."TYPE",
  "UNIT"       = EXCLUDED."UNIT",
  "POSITION"   = EXCLUDED."POSITION";

-- 3. Capability → Permission (Layer-Verknüpfung)
INSERT INTO "CAPABILITY_PERMISSION" ("CAPABILITY_KEY","PERMISSION_KEY") VALUES
  ('core.dashboard', 'dashboard.view'),
  ('core.dashboard', 'dashboard.view_switch'),
  ('core.addresses', 'addresses.view'),
  ('core.addresses', 'addresses.create'),
  ('core.addresses', 'addresses.edit'),
  ('core.addresses', 'addresses.delete'),
  ('core.addresses', 'addresses.contacts.view'),
  ('core.addresses', 'addresses.contacts.create'),
  ('core.addresses', 'addresses.contacts.edit'),
  ('core.addresses', 'addresses.contacts.delete'),
  ('core.time_tracking', 'projects.bookings.view'),
  ('core.time_tracking', 'projects.bookings.create'),
  ('core.time_tracking', 'projects.bookings.edit'),
  ('core.time_tracking', 'projects.bookings.delete'),
  ('projects.management', 'projects.view'),
  ('projects.management', 'projects.create'),
  ('projects.management', 'projects.edit'),
  ('projects.management', 'projects.delete'),
  ('projects.management', 'projects.structure.view'),
  ('projects.management', 'projects.structure.edit'),
  ('projects.management', 'projects.performance.view'),
  ('projects.management', 'projects.performance.edit'),
  ('projects.management', 'projects.performance.snapshot'),
  ('projects.budgets', 'projects.budget.view'),
  ('projects.budgets', 'projects.budget.edit'),
  ('projects.cost_revenue_insight', 'projects.bookings.revenue.view'),
  ('projects.cost_revenue_insight', 'projects.bookings.costs.view'),
  ('projects.hourly_rates', 'projects.hourly_rates.view'),
  ('projects.hourly_rates', 'projects.hourly_rates.edit'),
  ('projects.contracts', 'projects.contracts.view'),
  ('projects.contracts', 'projects.contracts.edit'),
  ('projects.contracts', 'projects.contracts.delete'),
  ('hoai.calculator', 'projects.calculations.view'),
  ('hoai.calculator', 'projects.calculations.edit'),
  ('hoai.calculator', 'projects.calculations.delete'),
  ('invoices.basic', 'invoices.view'),
  ('invoices.basic', 'invoices.create_single'),
  ('invoices.basic', 'invoices.edit'),
  ('invoices.basic', 'invoices.delete'),
  ('invoices.basic', 'invoices.book'),
  ('invoices.basic', 'invoices.download_pdf'),
  ('invoices.basic', 'invoices.send_email'),
  ('invoices.basic', 'payments.view'),
  ('invoices.basic', 'payments.create'),
  ('invoices.basic', 'payments.edit'),
  ('invoices.basic', 'payments.delete'),
  ('invoices.partial', 'invoices.create_partial'),
  ('invoices.final', 'invoices.create_final'),
  ('invoices.credit', 'invoices.create_credit'),
  ('invoices.cancel', 'invoices.cancel'),
  ('invoices.security_retention', 'security_retention.view'),
  ('einvoice.xrechnung', 'invoices.download_xml'),
  ('dunning.basic', 'dunning.view'),
  ('dunning.basic', 'dunning.edit'),
  ('dunning.email', 'dunning.send'),
  ('offers.basic', 'offers.view'),
  ('offers.basic', 'offers.create'),
  ('offers.basic', 'offers.edit'),
  ('offers.basic', 'offers.delete'),
  ('offers.basic', 'offers.send'),
  ('offers.basic', 'offers.convert'),
  ('reports.standard', 'reports.view'),
  ('reports.advanced', 'reports.export'),
  ('reports.advanced', 'reports.scope.all'),
  ('employees.management', 'employees.view'),
  ('employees.management', 'employees.create'),
  ('employees.management', 'employees.edit'),
  ('employees.management', 'employees.delete'),
  ('employees.management', 'employees.role.assign'),
  ('employees.management', 'employees.password.set'),
  ('employees.management', 'employees.bookings.view_all'),
  ('employees.salary', 'employees.salary.view'),
  ('employees.salary', 'employees.salary.edit'),
  ('employees.month_close', 'employees.month_close.edit'),
  ('employees.month_close', 'settings.monthly_close.edit'),
  ('settings.core', 'settings.basedata.view'),
  ('settings.core', 'settings.basedata.edit'),
  ('settings.core', 'settings.defaults.edit'),
  ('settings.core', 'settings.company.view'),
  ('settings.core', 'settings.company.edit'),
  ('settings.core', 'settings.numbers.edit'),
  ('settings.roles', 'roles.view'),
  ('settings.roles', 'roles.create'),
  ('settings.roles', 'roles.edit'),
  ('settings.roles', 'roles.delete'),
  ('settings.text_templates', 'settings.text_templates.edit'),
  ('settings.notifications', 'settings.notifications.edit'),
  ('settings.dunning_config', 'settings.dunning_config.edit'),
  ('cost_rate.calculator', 'settings.cost_rate.edit'),
  ('arbzg.compliance', 'settings.work_time.edit')
ON CONFLICT DO NOTHING;

-- 4. Interner Plan 'full' bekommt ALLE Capabilities (Limit NULL = unbegrenzt)
INSERT INTO "PLAN_CAPABILITY" ("PLAN_ID","CAPABILITY_KEY","NUMERIC_LIMIT")
  SELECT p."ID", c."KEY", NULL
  FROM "LICENSE_PLAN" p CROSS JOIN "LICENSE_CAPABILITY" c
  WHERE p."KEY" = 'full'
ON CONFLICT DO NOTHING;
